{
  "train": [
    4.093369364738464,
    3.2178071290254593,
    2.9628778845071793
  ],
  "val": [
    3.420709788799286,
    3.053527593612671,
    2.903462290763855
  ]
}