{
  "train": [
    4.7357208132743835,
    4.18811896443367,
    3.8779138177633286
  ],
  "val": [
    4.362145900726318,
    3.9712244868278503,
    3.7144718170166016
  ]
}