{
  "train": [
    4.093369364738464,
    3.217808574438095,
    2.962881475687027
  ],
  "val": [
    3.420709788799286,
    3.053529739379883,
    2.9034666419029236
  ]
}