{
  "train": [
    3.521307021379471,
    3.141763061285019,
    2.9558910131454468
  ],
  "val": [
    3.276856243610382,
    3.0248377919197083,
    2.904457688331604
  ]
}