{
  "train": [
    -12.229113101959229,
    -12.598422884941101,
    -12.752632319927216
  ],
  "val": [
    -12.485667943954468,
    -12.678426265716553,
    -12.806871175765991
  ]
}