{
  "train": [
    6.261608183383942,
    3.6812125593423843,
    2.999472916126251
  ],
  "val": [
    4.29401433467865,
    3.1324790120124817,
    2.8520493507385254
  ]
}