{
  "train": [
    -11.76343947649002,
    -12.49437129497528,
    -12.751766085624695
  ],
  "val": [
    -12.339178085327148,
    -12.656642198562622,
    -12.859428882598877
  ]
}