{
  "train": [
    -11.008535385131836,
    -12.40226835012436,
    -12.7095707654953
  ],
  "val": [
    -12.194606304168701,
    -12.579029560089111,
    -12.856814861297607
  ]
}