{
  "train": [
    4.055305972695351,
    3.758352905511856,
    3.532810017466545
  ],
  "val": [
    3.8622536063194275,
    3.576034188270569,
    3.433704137802124
  ]
}