{
  "train": [
    4.099886059761047,
    3.223262205719948,
    2.9659943878650665
  ],
  "val": [
    3.4209957122802734,
    3.0578261613845825,
    2.9044649600982666
  ]
}