{
  "train": [
    -10.097479045391083,
    -12.38393086194992,
    -12.862800419330597
  ],
  "val": [
    -12.01664423942566,
    -12.687753200531006,
    -13.024485349655151
  ]
}