{
  "train": [
    3.7025096714496613,
    2.836230531334877,
    2.7049465626478195
  ],
  "val": [
    2.970751702785492,
    2.733525037765503,
    2.667838215827942
  ]
}