{
  "train": [
    4.153876543045044,
    3.98368763923645,
    3.8417863994836807
  ],
  "val": [
    4.03663444519043,
    3.915888249874115,
    3.785140037536621
  ]
}