{
  "train": [
    5.914486736059189,
    3.373833864927292,
    2.966370850801468
  ],
  "val": [
    3.6971307396888733,
    3.109074294567108,
    2.8608607053756714
  ]
}