{
  "train": [
    3.747172325849533,
    2.8136610090732574,
    2.6911899000406265
  ],
  "val": [
    2.953590452671051,
    2.7292479276657104,
    2.6558247208595276
  ]
}