{
  "train": [
    3.7025096714496613,
    2.836230531334877,
    2.7049465626478195,
    2.6567345559597015,
    2.6286257952451706
  ],
  "val": [
    2.970751702785492,
    2.733525037765503,
    2.667838215827942,
    2.642925262451172,
    2.6295769214630127
  ]
}