{
  "train": [
    3.951736629009247,
    3.074270784854889,
    2.842501327395439
  ],
  "val": [
    3.2162370681762695,
    2.923680305480957,
    2.789281904697418
  ]
}