{
  "train": [
    4.005981892347336,
    3.6138623654842377,
    3.3213880211114883
  ],
  "val": [
    3.7736198902130127,
    3.452476739883423,
    3.191883385181427
  ]
}