{
  "train": [
    3.3828795552253723,
    2.8992857187986374,
    2.747103974223137
  ],
  "val": [
    3.0704654455184937,
    2.793409287929535,
    2.705803155899048
  ]
}