{
  "train": [
    4.093369364738464,
    3.2178071290254593,
    2.9628778845071793,
    2.858759805560112,
    2.7947826087474823
  ],
  "val": [
    3.420709788799286,
    3.053527593612671,
    2.903462290763855,
    2.820692479610443,
    2.7639256715774536
  ]
}