{
  "train": [
    4.153876543045044,
    3.98368763923645,
    3.8417863994836807,
    3.7255979776382446,
    3.606645956635475
  ],
  "val": [
    4.03663444519043,
    3.915888249874115,
    3.785140037536621,
    3.6553704142570496,
    3.5316766500473022
  ]
}