{
  "train": [
    5.456728428602219,
    3.37781922519207,
    2.883992448449135
  ],
  "val": [
    3.9189595580101013,
    3.0339523553848267,
    2.8121259212493896
  ]
}