{
  "train": [
    4.011746272444725,
    2.8437803238630295,
    2.7121695578098297
  ],
  "val": [
    2.94546377658844,
    2.7507323026657104,
    2.673991024494171
  ]
}