{
  "train": [
    3.573530897498131,
    3.029594361782074,
    2.8621885627508163
  ],
  "val": [
    3.159193694591522,
    2.933789908885956,
    2.810303747653961
  ]
}