{
  "train": [
    -12.229113101959229,
    -12.598422884941101,
    -12.752632319927216,
    -12.865842938423157,
    -12.973549246788025
  ],
  "val": [
    -12.485667943954468,
    -12.678426265716553,
    -12.806871175765991,
    -12.910320520401001,
    -13.020244121551514
  ]
}