{
  "train": [
    3.791396737098694,
    3.108776345849037,
    2.904849588871002
  ],
  "val": [
    3.2918468713760376,
    2.985977053642273,
    2.838853597640991
  ]
}