{
  "train": [
    3.305555447936058,
    2.8651083409786224,
    2.765543907880783
  ],
  "val": [
    2.981899917125702,
    2.797574520111084,
    2.7370418906211853
  ]
}