{
  "train": [
    4.140296280384064,
    3.7943313270807266,
    3.5061715245246887
  ],
  "val": [
    3.9098100662231445,
    3.610829770565033,
    3.3561909794807434
  ]
}