{
  "train": [
    3.860997438430786,
    3.2163103371858597,
    3.029184952378273
  ],
  "val": [
    3.341712772846222,
    3.0944217443466187,
    2.9818286299705505
  ]
}