{
  "train": [
    -11.31592059135437,
    -12.780491054058075,
    -13.059568703174591
  ],
  "val": [
    -12.577412366867065,
    -12.916279792785645,
    -13.152153968811035
  ]
}