{
  "train": [
    3.928370177745819,
    2.8946074694395065,
    2.7743616700172424
  ],
  "val": [
    3.013323962688446,
    2.818342924118042,
    2.750256657600403
  ]
}