{
  "train": [
    3.304906815290451,
    2.9547759890556335,
    2.8171981126070023
  ],
  "val": [
    3.053293466567993,
    2.8691267371177673,
    2.785638749599457
  ]
}