{
  "train": [
    3.100256383419037,
    2.952948957681656,
    2.823483556509018
  ],
  "val": [
    3.0820087790489197,
    2.9425265789031982,
    2.8231728076934814
  ]
}