{
  "train": [
    7.809338212013245,
    3.6079044938087463,
    2.89836448431015
  ],
  "val": [
    4.570831060409546,
    3.0439221262931824,
    2.8309817910194397
  ]
}