{
  "train": [
    7.082985430955887,
    6.514962613582611,
    6.105320006608963
  ],
  "val": [
    6.806533098220825,
    6.349493622779846,
    5.95569908618927
  ]
}