{
  "train": [
    2.98798631131649,
    2.727111726999283,
    2.4697180837392807
  ],
  "val": [
    2.8336650729179382,
    2.5785667300224304,
    2.3140979409217834
  ]
}