{
  "train": [
    3.047006234526634,
    2.8444493860006332,
    2.7577527910470963
  ],
  "val": [
    2.89042204618454,
    2.786814510822296,
    2.7325393557548523
  ]
}