{
  "train": [
    5.534520775079727,
    3.3265204280614853,
    2.8973225504159927
  ],
  "val": [
    3.972563862800598,
    2.972998321056366,
    2.8327314257621765
  ]
}