{
  "train": [
    4.457510530948639,
    3.08724707365036,
    2.822472035884857
  ],
  "val": [
    3.256708264350891,
    2.932680904865265,
    2.743840217590332
  ]
}