{
  "train": [
    -11.871594607830048,
    -12.55220353603363,
    -12.808402478694916
  ],
  "val": [
    -12.39844012260437,
    -12.722047805786133,
    -12.916215419769287
  ]
}