{
  "train": [
    -11.873794078826904,
    -12.500708162784576,
    -12.795121967792511
  ],
  "val": [
    -12.305981159210205,
    -12.662149906158447,
    -12.897237777709961
  ]
}