{
  "train": [
    3.5299923419952393,
    3.0729310363531113,
    2.89908529818058
  ],
  "val": [
    3.2011624574661255,
    2.9660409688949585,
    2.857300877571106
  ]
}