{
  "train": [
    -10.542319476604462,
    -12.464396476745605,
    -12.951963484287262
  ],
  "val": [
    -12.074512958526611,
    -12.754358768463135,
    -13.112501621246338
  ]
}