{
  "train": [
    3.531742587685585,
    3.0479065626859665,
    2.9077301025390625
  ],
  "val": [
    3.1758689880371094,
    2.9674885869026184,
    2.8676474690437317
  ]
}