{
  "train": [
    3.28477144241333,
    3.1070291996002197,
    2.9843273162841797,
    2.918984055519104,
    2.8707823753356934,
    2.8227840662002563,
    2.790668249130249,
    2.7664016485214233,
    2.7432329654693604,
    2.7220706939697266,
    2.7029722929000854,
    2.6862844228744507,
    2.6720370054244995,
    2.656765937805176,
    2.639248251914978,
    2.6250158548355103,
    2.6149587631225586,
    2.605961322784424,
    2.597513437271118,
    2.589347720146179,
    2.5804576873779297,
    2.572712779045105,
    2.5679620504379272,
    2.5612552165985107,
    2.556196451187134,
    2.550656318664551,
    2.5455048084259033,
    2.541487455368042,
    2.5368382930755615,
    2.5334619283676147,
    2.5291651487350464,
    2.526035785675049,
    2.522455334663391,
    2.5218628644943237,
    2.5166672468185425,
    2.5153942108154297,
    2.5131773948669434,
    2.509419560432434,
    2.50773823261261,
    2.5059396028518677,
    2.5032910108566284,
    2.5005797147750854,
    2.4984946250915527,
    2.4976154565811157,
    2.495368480682373,
    2.493544816970825,
    2.490970015525818,
    2.4909307956695557,
    2.4880934953689575,
    2.4867475032806396
  ],
  "val": [
    3.1382036209106445,
    3.0058975219726562,
    2.9242217540740967,
    2.884178638458252,
    2.84138560295105,
    2.804168939590454,
    2.7806236743927,
    2.7589666843414307,
    2.7407991886138916,
    2.7243337631225586,
    2.7058918476104736,
    2.689039707183838,
    2.671633243560791,
    2.653394937515259,
    2.640044927597046,
    2.6313090324401855,
    2.620558738708496,
    2.609405994415283,
    2.6011786460876465,
    2.5937328338623047,
    2.5893115997314453,
    2.585106611251831,
    2.577566623687744,
    2.572009563446045,
    2.567321300506592,
    2.5641934871673584,
    2.5597903728485107,
    2.5554614067077637,
    2.5518383979797363,
    2.549187421798706,
    2.5458974838256836,
    2.543093681335449,
    2.5404574871063232,
    2.536987066268921,
    2.5352437496185303,
    2.534252643585205,
    2.5303752422332764,
    2.5262973308563232,
    2.523653745651245,
    2.5213139057159424,
    2.5212066173553467,
    2.517836570739746,
    2.5149805545806885,
    2.513218402862549,
    2.5116939544677734,
    2.5078275203704834,
    2.5077946186065674,
    2.5067121982574463,
    2.5055391788482666,
    2.501763343811035
  ]
}